aayush-garg:
  name: Aayush Garg
  thumbnail: /img/authors/aayush-garg.jpg
abeesh-thomas:
  name: Abeesh Thomas
  thumbnail: /img/authors/abeesh-thomas.jpg
adrian-margin:
  name: Adrian Margin
  thumbnail: /img/authors/adrian-margin.png
adrian-popovici:
  name: Adrian Popovici
  thumbnail: /img/authors/adrian-popovici.png
althaf-hameez:
  name: Althaf Hameez
  thumbnail: /img/authors/althaf-hameez.jpg
aneesh-chandra:
  name: Aneesh Chandra
  thumbnail: /img/authors/aneesh-chandra.jpg
anish-jha:
  name: Anish Jha
  thumbnail: /img/authors/anish-jha.jpg
arul-kumaravel:
  name: Arul Kumaravel
  thumbnail: /img/authors/arul-kumaravel.jpg
  github: arulk
avinash-papatla:
  name: Avinash Papatla
  thumbnail: /img/authors/avinash-papatla.jpg
biju-jacob:
  name: Biju Joseph Jacob
  thumbnail: /img/authors/biju-jacob.jpg
chao-wang:
  name: Chao Wang
  thumbnail: /img/authors/chao-wang.jpg
chandrakanth:
  name: Chandrakanth
  thumbnail: /img/authors/chandrakanth.jpg
chunkai-phang:
  name: ChunKai Phang
  thumbnail: /img/authors/chunkai-phang.jpg
corey-scott:
  name: Corey Scott
  thumbnail: /img/authors/corey-scott.jpg
  github: corsc
daniel-tay:
  name: Daniel Tay
  thumbnail: /img/authors/daniel-tay.jpg
dharmarth-shah:
  name: Dharmarth Shah
  thumbnail: /img/authors/dharmarth-shah.jpg
  github: dharmarth
dominic-widdows:
  name: Dominic Widdows
  thumbnail: /img/authors/dominic-widdows.jpg
  github: dwiddows
foo-wui-ngiap:
  name: Foo Wui Ngiap
  thumbnail: /img/authors/foo-wui-ngiap.jpg
gao-chao:
  name: Gao Chao
  thumbnail: /img/authors/gao-chao.jpg
  github: reterVision
gaurav-sachdeva:
  name: Gaurav Sachdeva
  thumbnail: /img/authors/gaurav-sachdeva.jpg
grab-engineering:
  name: Grab Engineering
  thumbnail: /img/authors/grab-engineering-logo.jpg
  github: grab
gregory-allan:
  name: Gregory Allan
  thumbnail: /img/authors/gregory-allan.jpg
ishita-parbat:
  name: Ishita Parbat
  thumbnail: /img/authors/ishita-parbat.jpg
indrajit-sarkar:
  name: Indrajit Sarkar
  thumbnail: /img/authors/indrajit-sarkar.png
hannes-kruppa:
  name: Hannes Kruppa
  thumbnail: /img/authors/hannes-kruppa.png
huan-yang:
  name: Huan Yang
  thumbnail: /img/authors/huan-yang.jpg
huang-da:
  name: Huang Da
  thumbnail: /img/authors/huang-da.jpg
  github: nevet
jialong-loh:
  name: Jia Long Loh
  thumbnail: /img/authors/jialong-loh.jpg
jia-hao-goh:
  name: Jia Hao Goh
  thumbnail: /img/authors/jia-hao-goh.jpg
jiaying-lim:
  name: Jiaying Lim
  thumbnail: /img/authors/jiaying-lim.png
jim-zhan:
  name: Jim Zhan
  thumbnail: /img/authors/jim-zhan.jpg
joseph-khan:
  name: Joseph Khan
  thumbnail: /img/authors/joseph-khan.jpg
kaisen-wang:
  name: Kaisen Wang
  thumbnail: /img/authors/kaisen-wang.jpg
karan-kamath:
  name: Karan Kamath
  thumbnail: /img/authors/karan-kamath.jpg
  github: KaranKamath
karen-kue:
  name: Karen Kue
  thumbnail: /img/authors/karen-kue.jpg
  github: karenkuegrab
kapil-chaurasia:
  name: Kapil Chaurasia
  thumbnail: /img/authors/kapil-chaurasia.jpg
lara-pureum-yim:
  name: Lara PuReum Yim
  thumbnail: /img/authors/lara-pureum-yim.jpg
lian-yuanlin:
  name: Lian Yuanlin
  thumbnail: /img/authors/lian-yuanlin.jpg
  github: alienchow
mayank-gupta:
  name: Mayank Gupta
  thumbnail: /img/authors/mayank-gupta.jpg
michael-cartmell:
  name: Michael Cartmell
  thumbnail: /img/authors/michael-cartmell.jpg
  github: mcartmell
mike-tee:
  name: Mike Tee
  thumbnail: /img/authors/mike-tee.jpg
muqi-li:
  name: Muqi Li
  thumbnail: /img/authors/muqi-li.png
nishant-gupta:
  name: Nishant Gupta
  thumbnail: /img/authors/nishant-gupta.jpg
paul-meng:
  name: Paul Meng
  thumbnail: /img/authors/paul-meng.jpg
  github: mno2
philip-madeley:
  name: Philip Madeley
  thumbnail: /img/authors/philip-madeley.jpg
oscar-cassetti:
  name: Oscar Cassetti
  thumbnail: /img/authors/oscar-cassetti.jpg
rachel-lee:
  name: Rachel Lee
  thumbnail: /img/authors/rachel-lee.jpg
  github: rachelminnlee
renu-yadav:
  name: Renu Yadav
  thumbnail: /img/authors/renu-yadav.jpg
roman-atachiants:
  name: Roman Atachiants
  thumbnail: /img/authors/roman-atachiants.jpg
ryan-law:
  name: Ryan Law
  thumbnail: /img/authors/ryan-law.jpg
  github: rlhh
shivkumar-krishnan:
  name: Shivkumar Krishnan
  thumbnail: /img/authors/shivkumar-krishnan.jpg
sun-xiangxin:
  name: Sun Xiangxin
  thumbnail: /img/authors/sun-xiangxin.jpg
  github: xiangxin
tan-sien-yi:
  name: Tan Sien Yi
  thumbnail: /img/authors/tan-sien-yi.jpg
  github: sienyi
tang-muchen:
  name: Tang Muchen
  thumbnail: /img/authors/tang-muchen.jpg
tay-yang-shun:
  name: Yangshun Tay
  thumbnail: /img/authors/tay-yang-shun.jpg
  github: yangshun
tharaka-wijebandara:
  name: Tharaka Wijebandara
  thumbnail: /img/authors/tharaka-wijebandara.jpg
thuy-nguyent:
  name: Thuy Nguyen
  thumbnail: /img/authors/thuy-nguyent.jpg
varun-kansal:
  name: Varun Kansal
  thumbnail: /img/authors/varun-kansal.jpg
vineet-nair:
  name: Vineet Nair
  thumbnail: /img/authors/vineet-nair.jpg
vishal-prakash:
  name: Vishal Prakash
  thumbnail: /img/authors/vishal-prakash.jpg
yang-liuqin:
  name: Yang Liuqin
  thumbnail: /img/authors/yang-liuqin.jpg
yichao-wang:
  name: Yichao Wang
  thumbnail: /img/authors/yichao-wang.jpg
aditya-praharaj:
  name: Aditya Praharaj
  thumbnail: /img/authors/aditya-praharaj.jpg
prashant-kumar:
  name: Prashant Kumar
  thumbnail: /img/authors/prashant-kumar.png
raghav-garg:
  name: Raghav Garg
  thumbnail: /img/authors/raghav-garg.png
preeti-kotamarthi:
  name: Preeti Kotamarthi
  thumbnail: /img/authors/preeti-kotamarthi.png
preeti-karkera:
  name: Preeti Karkera
  thumbnail: /img/authors/preeti-karkera.jpg
phuc-lam-nguyen:
  name: Phuc Lam Nguyen
  thumbnail: /img/authors/phuc-lam-nguyen.png
ajmal-afif:
  name: Ajmal Afif
  thumbnail: /img/authors/ajmal-afif.jpg
calvin-ng-tjioe:
  name: Calvin Ng Tjioe
  thumbnail: /img/authors/calvin-ng-tjioe.jpg
renrong-weng:
  name: Renrong Weng
  thumbnail: /img/authors/renrong-weng.jpg
pravin-kakar:
  name: Pravin Kakar
  thumbnail: /img/authors/pravin-kakar.png
neeraj-mishra:
  name: Neeraj Mishra
  thumbnail: /img/authors/neeraj-mishra.png
sufyan-selamet:
  name: Sufyan Selamet
  thumbnail: /img/authors/sufyan-selamet.png
nagur-hassan:
  name: Nagur Hassan
  thumbnail: /img/authors/nagur-hassan.jpg
summit-saurav:
  name: Summit Saurav
  thumbnail: /img/authors/summit-saurav.png
jiahao-huang:
  name: Jiahao Huang
  thumbnail: /img/authors/jiahao-huang.jpg
sandeep-kumar:
  name: Sandeep Kumar
  thumbnail: /img/authors/sandeep-kumar.jpg
sherizan-sheikh:
  name: Sherizan Sheikh
  thumbnail: /img/authors/sherizan-sheikh.jpg
ming-xuan-lee:
  name: MingXuan Lee
  thumbnail: /img/authors/ming-xuan-lee.jpg
dustin-chung:
  name: Dustin Chung
  thumbnail: /img/authors/dustin-chung.jpg
stephanie-lukito:
  name: Stephanie Lukito
  thumbnail: /img/authors/stephanie-lukito.png
jia-liang-wong:
  name: Jia Liang Wong
  thumbnail: /img/authors/jia-liang-wong.png
sushant-tiwari:
  name: Sushant Tiwari
  thumbnail: /img/authors/sushant-tiwari.jpg
vinod-prajapati:
  name: Vinod Prajapati
  thumbnail: /img/authors/vinod-prajapati.png
nutdanai-phansooksai:
  name: Nutdanai Phansooksai
  thumbnail: /img/authors/nutdanai-phansooksai.png
juho-lee:
  name: Juho Lee
  thumbnail: /img/authors/juho-lee.png
pratyush-more:
  name: Pratyush More
  thumbnail: /img/authors/pratyush-more.png
romain-basseville:
  name: Romain Basseville
  thumbnail: /img/authors/romain-basseville.png
justin-bolilia:
  name: Justin Bolilia
  thumbnail: /img/authors/justin-bolilia.png
daniel-kasen:
  name: Daniel Kasen
  thumbnail: /img/authors/daniel-kasen.png
garvee-garg:
  name: Garvee Garg
  thumbnail: /img/authors/garvee-garg.png
kudali-robinson-immanuel:
  name: Kudali Robinson Immanuel
  thumbnail: /img/authors/kudali-robinson-immanuel.png
shirley-yang:
  name: Shirley Yang
  thumbnail: /img/authors/shirley-yang.jpg
johan-kok:
  name: Johan Kok
  thumbnail: /img/authors/johan-kok.png
pramiti-goel:
  name: Pramiti Goel
  thumbnail: /img/authors/pramiti-goel.png
feng-cheng:
  name: Feng Cheng
  thumbnail: /img/authors/feng-cheng.png
irfan-hanif:
  name: Irfan Hanif
  thumbnail: /img/authors/irfan-hanif.png
deepak-barr:
  name: Deepak Barr
  thumbnail: /img/authors/deepak-barr.png
yiwei-yeo:
  name: Yiwei Yeo
  thumbnail: /img/authors/yiwei-yeo.png
xiaocheng-huang:
  name: Xiaocheng Huang
  thumbnail: /img/authors/xiaocheng-huang.jpg
zhengmin-xu:
  name: Zhengmin Xu
  thumbnail: /img/authors/zhengmin-xu.jpg
poornima-badrinath:
  name: Poornima Badrinath
  thumbnail: /img/authors/poornima-badrinath.jpg
ngoc-thuyen-trinh:
  name: Ngoc Thuyen Trinh
  thumbnail: /img/authors/ngoc-thuyen-trinh.jpg
lucas-nelaupe:
  name: Lucas Nelaupe
  thumbnail: /img/authors/lucas-nelaupe.png
you-zhen-chong:
  name: Chong You Zhen
  thumbnail: /img/authors/you-zhen-chong.jpg
sze-han-ong:
  name: Sze Han Ong
  thumbnail: /img/authors/sze-han-ong.jpg
michael-chirico:
  name: Michael Chirico
  thumbnail: /img/authors/michael-chirico.jpg
kelly-kuo:
  name: Kelly Kuo
  thumbnail: /img/authors/kelly-kuo.jpg
kenny-chan:
  name: Kenny Chan
  thumbnail: /img/authors/kenny-chan.jpg
jason-lee:
  name: Jason Lee Jie Shien
  thumbnail: /img/authors/jason-lee.jpg
siu-sing-lai:
  name: Siu Sing Lai
  thumbnail: /img/authors/siu-sing-lai.jpg
siu-sing-lai:
  name: Siu Sing Lai
  thumbnail: /img/authors/siu-sing-lai.jpg
vasudevan-k:
  name: Vasudevan K.
  thumbnail: /img/authors/vasudevan-k.jpg
chandulal-kavar:
  name: Chandulal Kavar
  thumbnail: /img/authors/chandulal-kavar.jpg
vinnson-lee:
  name: Vinnson Lee
  thumbnail: /img/authors/vinnson-lee.jpg
allen-wang:
  name: Allen Wang
  thumbnail: /img/authors/allen-wang.jpg
sylvain-bougerel:
  name: Sylvain Bougerel
  thumbnail: /img/authors/sylvain-bougerel.jpg
shubham-badkur:
  name: Shubham Badkur
  thumbnail: /img/authors/shubham-badkur.png
sourabh-suman:
  name: Sourabh Suman
  thumbnail: /img/authors/sourabh-suman.png
sergii-grechukha:
  name: Sergii Grechukha
  thumbnail: /img/authors/sergii-grechukha.png
ajay-srivastava:
    name: Ajay Srivastava
    thumbnail: /img/authors/ajay-srivastava.jpg
aniket-kulkarni:
    name: Aniket Kulkarni
    thumbnail: /img/authors/aniket-kulkarni.jpg
avinash-singh:
    name: Avinash Singh
    thumbnail: /img/authors/avinash-singh.jpg
nathaniel-callens:
    name: Nathaniel Callens
    thumbnail: /img/authors/nathaniel-callens.jpg
hao-wu:
    name: Hao Wu
    thumbnail: /img/authors/hao-wu.jpg
minglei-su:
    name: Minglei Su
    thumbnail: /img/authors/minglei-su.jpg
thanh-dat-le:
    name: Thanh Dat Le
    thumbnail: /img/authors/thanh-dat-le.jpg
nuo-xu:
    name: Nuo Xu
    thumbnail: /img/authors/nuo-xu.jpg
guanfeng-wang:
    name: Guanfeng Wang
    thumbnail: /img/authors/guanfeng-wang.jpg
mihai-stroe:
    name: Mihai Stroe
    thumbnail: /img/authors/mihai-stroe.jpg
jie-zhang:
    name: Jie Zhang
    thumbnail: /img/authors/jie-zhang.jpg
abdullah-mamun:
    name: Abdullah Al Mamun
    thumbnail: /img/authors/abdullah-mamun.jpg
clarisse-peralta:
    name: Clarisse Peralta
    thumbnail: /img/authors/clarisse-peralta.jpg
shweta-padmanaban:
    name: Shweta Padmanaban
    thumbnail: /img/authors/shweta-padmanaban.jpg
ya-gao:
    name: Ya Gao
    thumbnail: /img/authors/ya-gao.jpg
eelin-ngiow:
    name: Eelin Ngiow
    thumbnail: /img/authors/eelin-ngiow.jpg
suman-anand:
    name: Suman Anand
    thumbnail: /img/authors/suman-anand.png
elisa-monacchi:
    name: Elisa Monacchi
    thumbnail: /img/authors/elisa-monacchi.png
jasmine-lim:
    name: Jasmine Lim
    thumbnail: /img/authors/jasmine-lim.png
matthew-yeow:
    name: Matthew Yeow
    thumbnail: /img/authors/matthew-yeow.png
pengcheng-zhao:
     name: Pengcheng Zhao
     thumbnail: /img/authors/pengcheng-zhao.png
samuel-thomas:
     name: Samuel Thomas
     thumbnail: /img/authors/samuel-thomas.png
stan-halka:
     name: Stan Halka
     thumbnail: /img/authors/stan-halka.png
sc-ng:
     name: Sc Ng
     thumbnail: /img/authors/sc-ng.jpeg
herman-khoo:
      name: Herman Khoo
      thumbnail: /img/authors/herman-khoo.jpeg
audrey-jee:
     name: Audrey Jee
     thumbnail: /img/authors/audrey-jee.png
vaibhav-vij:
     name: Vaibhav Vij
     thumbnail: /img/authors/vaibhav.jpeg
milhad-miah:
     name: Mohammed Milhad Miah
     thumbnail: /img/authors/milhad.png
darrell-tay:
     name: Darrell Tay
     thumbnail: /img/authors/darrell-tay.png
yun-zou:
     name: Yun Zou
     thumbnail: /img/authors/yun-zou.png
wan-ling-guai:
     name: Wan Ling Guai
     thumbnail: /img/authors/wan-ling-guai.png
warren-zhou:
    name: Warren Zhou
    thumbnail: /img/authors/warren-zhou.jpg
wenhui-wu:
    name: Wenhui Wu
    thumbnail: /img/authors/wenhui-wu.png
wenbo-wei:
    name: Wenbo Wei
    thumbnail: /img/authors/wenbo-wei.jpg
yongguo-mei:
    name: Yongguo Mei
    thumbnail: /img/authors/yongguo-mei.png
zsolt-vadaszi:
    name: Zsolt Vadaszi
    thumbnail: /img/authors/zsolt-vadaszi.png
adarsh-koyya:
    name: Adarsh Koyya
    thumbnail: /img/authors/adarsh-koyya.jpg
chandankumar-agarwal:
    name: ChandanKumar Agarwal
    thumbnail: /img/authors/chandankumar-agarwal.png
amar-jain:
    name: Amar Jain
    thumbnail: /img/authors/amar-jain.jpg
amar-prakash:
    name: Amar Prakash
    thumbnail: /img/authors/amar-prakash.jpg
gibson-cheng:
    name: Gibson Cheng
    thumbnail: /img/authors/gibson-cheng.jpg
    github: nossbigg
weicheng-zhu:
    name: Weicheng Zhu
    thumbnail: /img/authors/weicheng-zhu.png
weilun-wu:
      name: Weilun Wu
      thumbnail: /img/authors/weilun-wu.png
yanguang-hu:
      name: YanGuang Hu
      thumbnail: /img/authors/yanguang-hu.png
zhuolun-li:
    name: Zhuolun Li
    thumbnail: /img/authors/zhuolun-li.png
da-huang:
  name: Da Huang
  thumbnail: /img/authors/da-huang.JPG
tim-lange:
  name: Tim Lange
  thumbnail: /img/authors/tim-lange.png
soon-hau-chua:
  name: Soon Hau Chua
  thumbnail: /img/authors/soon-hau-chua.png
tenindra-a:
  name: Tenindra Abeywickrama
  thumbnail: /img/authors/tenindra-a.jpg
victor-liang:
  name: Victor Liang
  thumbnail: /img/authors/victor-liang.jpg
rachel-fong:
  name: Rachel Fong
  thumbnail: /img/authors/rachel-fong.png
chad-burgess:
  name: Chad Burgess
  thumbnail: /img/authors/chad-burgess.png
anthony-mccallum:
  name: Anthony McCallum
  thumbnail: /img/authors/anthony-mccallum.jpg
jeremy-wang:
  name: Jeremy Wang
  thumbnail: /img/authors/jeremy-wang.png
wenxin-liao:
  name: Wenxin Liao
  thumbnail: /img/authors/wenxin-liao.png
ashish-agarwal:
  name: Ashish Agarwal
  thumbnail: /img/authors/ashish-agarwal.jpg
xiuqi-chenyang:
  name: Xiuqi Chenyang
  thumbnail: /img/authors/xiuqi-chenyang.jpg
andy-lin:
  name: Andy Lin
  thumbnail: /img/authors/andy-lin.jpg
eliot-li:
  name: Eliot Li
  thumbnail: /img/authors/eliot-li.jpg
fabrice-harbulot:
  name: Fabrice Harbulot
  thumbnail: /img/authors/fabrice-harbulot.png
shuguang-xiang:
  name: Shuguang Xiang
  thumbnail: /img/authors/shuguang-xiang.jpg
wilson-burhan:
  name: Wilson Burhan
  thumbnail: /img/authors/wilson-burhan.jpg
wenli-wan:
  name: Wenli Wan
  thumbnail: /img/authors/wenli-wan.jpg
thanhtung-dao:
  name: Thanh Tung Dao
  thumbnail: /img/authors/thanhtung-dao.png
shujuan-cheong:
  name: Shu Juan Cheong
  thumbnail: /img/authors/shujuan-cheong.jpg
tao-hou:
  name: Tao Hou
  thumbnail: /img/authors/tao-hou.png
lipeng-zhang:
  name: Lipeng Zhang
  thumbnail: /img/authors/lipeng-zhang.jpg
albert-cheng:
  name: Albert Cheng
  thumbnail: /img/authors/albert-cheng.png
ankit-sinha:
  name: Ankit Sinha
  thumbnail: /img/authors/ankit-sinha.jpg
kenneth-rithvik:
  name: Kenneth Rithvik
  thumbnail: /img/authors/kenneth-rithvik.jpg
ruike-zhang:
  name: Ruike Zhang
  thumbnail: /img/authors/ruike-zhang.png
saubhagya-awaneesh:
  name: Saubhagya Awaneesh
  thumbnail: /img/authors/saubhagya-awaneesh.jpg
jia-chen:
  name: Jia Chen
  thumbnail: /img/authors/jia-chen.png
wenxiang-lu:
  name: Wenxiang Lu
  thumbnail: /img/authors/wenxiang-lu.png
wentao-xie:
  name: Wentao Xie
  thumbnail: /img/authors/wentao-xie.jpg
kaifeng-tee:
  name: Kai Feng Tee
  thumbnail: /img/authors/kaifeng-tee.jpg
fujiao-liu:
  name: Fujiao Liu
  thumbnail: /img/authors/fujiao-liu.jpg
shuqi-wang:
  name: Shuqi Wang
  thumbnail: /img/authors/shuqi-wang.jpg
xi-chen:
  name: Xi Chen
  thumbnail: /img/authors/xi-chen.jpg
siliang-cao:
  name: Siliang Cao
  thumbnail: /img/authors/siliang-cao.jpg
clemens-valiente:
  name: Clemens Valiente
  thumbnail: /img/authors/clemens-valiente.png
jun-liu:
  name: Jun Liu
  thumbnail: /img/authors/jun-liu.jpg
daniel-wang:
  name: Daniel Wang
  thumbnail: /img/authors/daniel-wang.JPG
laiyi-lin:
  name: Laiyi Lin
  thumbnail: /img/authors/laiyi-lin.jpg
min-chen:
  name: Min Chen
  thumbnail: /img/authors/min-chen.jpg
jenn-ng:
  name: Jenn Ng
  thumbnail: /img/authors/jenn-ng.png
advitiya-vashist:
  name: Advitiya Vashist
  thumbnail: /img/authors/advitiya-vashist.jpg
shuailong-liang:
  name: Shuailong Liang
  thumbnail: /img/authors/shuailong-liang.jpg
yuan-meng:
  name: Yuan Meng
  thumbnail: /img/authors/yuan-meng.jpg
simone-wong:
  name: Simone Wong
  thumbnail: /img/authors/simone-wong.jpg
shuangquan-hou:
  name: Shuangquan Hou
  thumbnail: /img/authors/shuangquan-hou.jpg
alex-ilisei:
  name: Alex Ilisei
  thumbnail: /img/authors/alex-ilisei.jpg
zhixin-yu:
  name: Zhixin Yu
  thumbnail: /img/authors/zhixin-yu.jpg
suwei-yang:
  name: Suwei Yang
  thumbnail: /img/authors/suwei-yang.jpg
an-tran:
  name: An Tran
  thumbnail: /img/authors/an-tran.jpg
ameya-mannikar:
  name: Ameya Mannikar
  thumbnail: /img/authors/ameya-mannikar.jpg
quangminh-tran:
  name: Quang Minh Tran
  thumbnail: /img/authors/quangminh-tran.png
bruce-li:
  name: Bruce Li
  thumbnail: /img/authors/bruce-li.png
jacob-yu:
  name: Jacob Yu
  thumbnail: /img/authors/jacob-yu.jpg
beata-tautan:
  name: Beata Tautan-Jancso
  thumbnail: /img/authors/beata-tautan.jpg
maria-mitisor:
  name: Maria Mitisor
  thumbnail: /img/authors/maria-mitisor.jpg
nicoleta-viregan:
  name: Nicoleta Viregan
  thumbnail: /img/authors/nicoleta-viregan.jpg
thang-le:
  name: Thang Le
  thumbnail: /img/authors/thang-le.jpg
minhkhoi-nguyen:
  name: Minh Khoi Nguyen
  thumbnail: /img/authors/minhkhoi-nguyen.jpg
george-matthew:
  name: George Matthew Limongan
  thumbnail: /img/authors/george-matthew.jpg
sandy-ys:
  name: Sandy Cahya
  thumbnail: /img/authors/sandy-ys.jpg
xuanthu-doan:
  name: Thu Doan
  thumbnail: /img/authors/xuanthu-doan.jpg
abby-alcantara:
  name: Abby Alcantara
  thumbnail: /img/authors/abby-alcantara.png
vasu-krishnamoorthy:
  name: Vasu Krishnamoorthy
  thumbnail: /img/authors/vasu-krishnamoorthy.png
jonathan-lee:
  name: Jonathan Lee
  thumbnail: /img/authors/jonathan-lee.jpg
shikai-ng:
  name: Shi Kai Ng
  thumbnail: /img/authors/shikai-ng.png
yonghao-hu:
  name: Yonghao Hu
  thumbnail: /img/authors/yonghao.hu.png
fabianto-wangsamulya:
  name: Fabianto Wangsamulya
  thumbnail: /img/authors/fabianto-wangsamulya.png
bunty-madan:
  name: Bunty Madan
  thumbnail: /img/authors/bunty-madan.png
krist-foo:
  name: Hoh Siew Foo Krist
  thumbnail: /img/authors/krist-foo.png
denis-sakhapov:
  name: Denis Sakhapov
  thumbnail: /img/authors/denis-sakhapov.jpg
alvis-chew:
  name: Alvis Chew
  thumbnail: /img/authors/alvis-chew.jpg
jerry-ng:
  name: Jerry Ng
  thumbnail: /img/authors/jerry-ng.jpg
rizal-fathony:
  name: Rizal Fathony
  thumbnail: /img/authors/rizal-fathony.jpg
jake-ng:
  name: Jake Ng
  thumbnail: /img/authors/jake-ng.jpg
adriana-lazar:
  name: Adriana Lazar
  thumbnail: /img/authors/adriana-lazar.jpg
william-wu:
  name: William Wu
  thumbnail: /img/authors/william-wu.jpg
sharon-teng:
  name: Sharon Teng
  thumbnail: /img/authors/sharon-teng.png
hualin-liu:
  name: Hualin Liu
  thumbnail: /img/authors/hualin-liu.png
stefan-jaro:
  name: Stefan Jaro
  thumbnail: /img/authors/stefan-jaro.png
harvey-li:
  name: Harvey Li
  thumbnail: /img/authors/harvey-li.png
jerome-tong:
  name: Jerome Tong
  thumbnail: /img/authors/jerome-tong.png
andrew-lam:
  name: Andrew Lam
  thumbnail: /img/authors/andrew-lam.png
chamal-sapumohotti:
  name: Chamal Sapumohotti
  thumbnail: /img/authors/chamal-sapumohotti.png
aaqib-kufran:
  name: Aaqib Kufran
  thumbnail: /img/authors/aaqib-kufran.jpg
wei-yang-wang:
  name: Wei Yang Wang
  thumbnail: /img/authors/wei-yang-wang.jpg
roxana-crisan:
  name: Roxana Crisan
  thumbnail: /img/authors/roxana-crisan.jpeg
naveen-kumar:
  name: Naveen Kumar Jakuva Premkumar
  thumbnail: /img/authors/naveen-kumar.jpg
prithvinder-singh:
  name: Prithvinder Singh
  thumbnail: /img/authors/prithvinder-singh.jpg
peishan-yap:
  name: Pei Shan Yap
  thumbnail: /img/authors/peishan-yap.jpg
tarun-modi:
  name: Tarun Modi
  thumbnail: /img/authors/tarun-modi.jpg
calvin-tran:
  name: Calvin Tran
  thumbnail: /img/authors/calvin-tran.png
nhat-nguyen:
  name: Minh Nhat Nguyen
  thumbnail: /img/authors/nhat-nguyen.png
poonam-gambhire:
  name: Poonam Gambhire
  thumbnail: /img/authors/poonam-gambhire.png
kang-huang:
  name: Kang Huang
  thumbnail: /img/authors/kang-huang.jpg
suvi-murugan:
  name: Suvi Murugan
  thumbnail: /img/authors/suvi-murugan.png
sharathbabu-s:
  name: Sharathbabu Siddaramappa
  thumbnail: /img/authors/sharathbabu-s.png
van-minh:
  name: Nguyen Van Minh
  thumbnail: /img/authors/van-minh.png
huong-vuong:
  name: Huong Vuong
  thumbnail: /img/authors/huong-vuong.png
hainam-cao:
  name: Hai Nam Cao
  thumbnail: /img/authors/hainam-cao.jpg
panos-m:
  name: Panos Mavrokonstantis
  thumbnail: /img/authors/panos-m.jpeg
yini-ong:
  name: Yi Ni Ong
  thumbnail: /img/authors/yini-ong.jpg
kamesh-chandran:
  name: Kamesh Chandran
  thumbnail: /img/authors/kamesh-chandran.png
saurabh-vajpayee:
  name: Saurabh Vajpayee
  thumbnail: /img/authors/saurabh-vajpayee.png
ramkumar-manickam:
  name: Ramkumar Manickam
  thumbnail: /img/authors/ramkumar-manickam.png
nagendra-gangwar:
  name: Nagendra Gangwar
  thumbnail: /img/authors/nagendra-gangwar.png
dan-low:
  name: Dan Low
  thumbnail: /img/authors/dan-low.png
akshay-misra:
  name: Akshay Misra
  thumbnail: /img/authors/akshay-misra.png
zen-nguyen:
  name: Zen Nguyen
  thumbnail: /img/authors/zen-nguyen.jpg
vishal-sharma:
  name: Vishal Sharma
  thumbnail: /img/authors/vishal-sharma.png
yuxin-goh:
  name: Yu Xin Goh
  thumbnail: /img/authors/yuxin-goh.png
christian-coffrant:
  name: Christian Coffrant
  thumbnail: /img/authors/christian-coffrant.png
wira-ikbal:
  name: Muhammad Wira Muhammad Ikbal
  thumbnail: /img/authors/wira-ikbal.png
tra-tran:
  name: Tra Tran
  thumbnail: /img/authors/tra-tran.png
pengxuan-xu:
  name: Pengxuan Xu
  thumbnail: /img/authors/pengxuan-xu.png
arkarmin-aung:
  name: Arkar Min Aung
  thumbnail: /img/authors/arkarmin-aung.png
yiyang-liao:
  name: Yiyang Liao
  thumbnail: /img/authors/yiyang-liao.png
xian-zhou:
  name: Xian Zhou
  thumbnail: /img/authors/xian-zhou.png
padarn-wilson:
  name: Padarn George Wilson
  thumbnail: /img/authors/padarn-wilson.jpg
dheeraj-pidatala:
  name: Dheeraj Vardhan Reddy Pidatala
  thumbnail: /img/authors/dheeraj-pidatala.png
kevin-hutama:
  name: Kevin Adam Hutama
  thumbnail: /img/authors/kevin-hutama.png
jessica-sean:
  name: Jessica Sean
  thumbnail: /img/authors/jessica-sean.jpg
shreyas-parbat:
  name: Shreyas Parbat
  thumbnail: /img/authors/shreyas-parbat.png
amanda-ng:
  name: Amanda Ng
  thumbnail: /img/authors/amanda-ng.png
yucheng-zeng:
  name: Yucheng Zeng
  thumbnail: /img/authors/yucheng-zeng.png
varun-torka:
  name: Varun Torka
  thumbnail: /img/authors/varun-torka.jpeg
siddharth-pandey:
  name: Siddharth Pandey
  thumbnail: /img/authors/siddharth-pandey.jpg
daniel-tai:
  name: Daniel Tai
  thumbnail: /img/authors/daniel-tai.jpg
bjorn-jee:
  name: Bjorn Jee
  thumbnail: /img/authors/bjorn-jee.jpg
edmund-hong:
  name: Edmund Hong
  thumbnail: /img/authors/edmund-hong.jpg
riyadh-sharif:
  name: Md Riyadh
  thumbnail: /img/authors/riyadh-sharif.png
felix-lie:
  name: Felix Haryanto Lie
  thumbnail: /img/authors/felix-lie.png
haotian-mi:
  name: Haotian Mi
  thumbnail: /img/authors/haotian-mi.png
sayam-bohra:
  name: Sayam Bohra
  thumbnail: /img/authors/sayam-bohra.png
ram-pradhan:
  name: Ram Dilip Pradhan
  thumbnail: /img/authors/ram-pradhan.png
inderpreet-singh:
  name: Inderpreet Singh
  thumbnail: /img/authors/inderpreet-singh.png
nick-buhrer:
  name: Nick Buhrer
  thumbnail: /img/authors/nick-buhrer.png
kendrick-tan:
  name: Kendrick Tan
  thumbnail: /img/authors/kendrick-tan.png
yujie-ang:
  name: Yu Jie Ang
  thumbnail: /img/authors/yujie-ang.png
boonzhan-chew:
  name: Boon Zhan Chew
  thumbnail: /img/authors/boonzhan-chew.png
swati-joshi:
  name: Swati Joshi
  thumbnail: /img/authors/swati-joshi.png
pu-li:
  name: Pu Li
  thumbnail: /img/authors/pu-li.jpeg
michael-parreno:
  name: Michel Parreno
  thumbnail: /img/authors/michael-parreno.png
theodore-felix:
  name: Theodore Felix Leo
  thumbnail: /img/authors/theodore-felix.png
ocean-nguyen:
  name: Ocean Nguyen
  thumbnail: /img/authors/ocean-nguyen.png
edmund-lui:
  name: Edmund Lui
  thumbnail: /img/authors/edmund-lui.png
renshi-bao:
  name: Renshi Bao
  thumbnail: /img/authors/renshi-bao.png
zharif-khairuddin:
  name: Muhammad Zharif Hadi Mohd Khairuddin
  thumbnail: /img/authors/zharif-khairuddin.png
david-khu:
  name: David Khu
  thumbnail: /img/authors/david-khu.png
sita-yadav:
  name: Sita Yadav
  thumbnail: /img/authors/sita-yadav.png
ziqin-yeow:
  name: Zi Qin Yeow
  thumbnail: /img/authors/ziqin-yeow.png
hung-nguyen:
  name: Hung Nguyen
  thumbnail: /img/authors/hung-nguyen.png
hung-tran:
  name: Hung Tran Viet
  thumbnail: /img/authors/hung-tran.jpeg
bowen-wang:
  name: Bowen Wang
  thumbnail: /img/authors/bowen-wang.png
swarit-arora:
  name: Swarit Arora
  thumbnail: /img/authors/swarit-arora.png
haitao-bao:
  name: Haitao Bao
  thumbnail: /img/authors/haitao-bao.jpg
meichen-lu:
  name: Meichen Lu
  thumbnail: /img/authors/meichen-lu.jpeg
jack-wang:
  name: Jack Wang
  thumbnail: /img/authors/jack-wang.png
jan-bissinger:
  name: Jan Bissinger
  thumbnail: /img/authors/jan-bissinger.jpeg
weibin-wu:
  name: Weibin Wu
  thumbnail: /img/authors/weibin-wu.png
kah-wei-lee:
  name: Kah Wei Lee
  thumbnail: /img/authors/kah-wei-lee.png
larry-lin:
  name: Larry Lin
  thumbnail: /img/authors/larry-lin.png
henokh-fibrianto:
  name: Henokh Fibrianto
  thumbnail: /img/authors/henokh-fibrianto.png
shiyu-chen:
  name: Shiyu Chen
  thumbnail: /img/authors/shiyu-chen.png
hilman-kurniawan:
  name: Hilman Kurniawan
  thumbnail: /img/authors/hilman-kurniawan.png
jay-chin:
  name: Jay Chin
  thumbnail: /img/authors/jay-chin.png
sokann-yap:
  name: Sok Ann Yap
  thumbnail: /img/authors/sokann-yap.jpg
chunrong-phang:
  name: Chun Rong Phang
  thumbnail: /img/authors/chunrong-phang.jpg
satarupa-seal:
  name: Satarupa Seal
  thumbnail: /img/authors/satarupa-seal.png
gladys-chia:
  name: Gladys Chia Pei Ee
  thumbnail: /img/authors/gladys-chia.jpg
athar-hameed:
  name: Athar Hameed
  thumbnail: /img/authors/athar-hameed.png
wei-hern-jason-lee:
  name: Wei Hern Jason Lee
  thumbnail: /img/authors/wh-jason-lee.jpg
abhinav-rai:
  name: Abhinav Rai
  thumbnail: /img/authors/abhinav-rai.png
sneha-krishnaswamy:
  name: Sneha Krishnaswamy
  thumbnail: /img/authors/sneha-krishnaswamy.png
chongyu-zhou:
  name: Chongyu Zhou
  thumbnail: /img/authors/chongyu-zhou.png
boonping-chong:
  name: Boon Ping Chong
  thumbnail: /img/authors/boonping-chong.png
zulfikar-layuardi:
  name: Zulfikar Lazuardi Maulana
  thumbnail: /img/authors/zulfikar-layuardi.png
jenny-kang:
  name: Jenny Kang
  thumbnail: /img/authors/jenny-kang.png
tran-son-phat:
  name: Tran Son Phat (Trần Sơn Phát)
  thumbnail: /img/authors/son-phat-tran.png
richard-ryu:
  name: Richard Ryu
  thumbnail: /img/authors/richard-ryu.png
do-khai-hung:
  name: Do Khai Hung
  thumbnail: /img/authors/do-khai-hung.png
yang-yang:
  name: Yang Yang
  thumbnail: /img/authors/yang-yang.png
manish-sahu:
  name: Manish Sahu
  thumbnail: /img/authors/manish-sahu.png
sing-kwan-ng:
  name: Sing Kwan Ng
  thumbnail: /img/authors/sing-kwan-ng.png
madushan-gamage:
  name: Madushan Gamage
  thumbnail: /img/authors/madushan-gamage.png
jacob-xu:
  name: Jacob Xu
  thumbnail: /img/authors/jacob-xu.png
tunyi-oh:
  name: Tunyi Oh
  thumbnail: /img/authors/tunyi-oh.png
jiaqi-yang:
  name: Jiaqi Yang
  thumbnail: /img/authors/jiaqi-yang.png
nguyen-nhat-minh:
  name: Nguyen Nhat Minh
  thumbnail: /img/authors/nguyen-nhat-minh.png
quang-lehong:
  name: Quang Le
  thumbnail: /img/authors/quang-lehong.png
yuanzhe-liu:
  name: Yuanzhe Liu
  thumbnail: /img/authors/yuanzhe-liu.png
zhenhao-lee:
  name: Zhen Hao Lee
  thumbnail: /img/authors/zhenhao-lee.png
shanmugam-shanthi:
  name: Shanmugam Shanthi
  thumbnail: /img/authors/shanmugam-shanthi.png
tom-lam:
  name: Tom Lam
  thumbnail: /img/authors/tom-lam.JPG
khanh-ta:
  name: Tạ Duy Khánh
  thumbnail: /img/authors/khanh-ta.png
srivatsa-srivatsa:  
  name: Srivatsa Srivatsa
  thumbnail: /img/authors/srivatsa-srivatsa.jpg 
oleksandr-prokofiev:
  name: Alex Prokofiev 
  thumbnail: /img/authors/oleksandr-prokofiev.png
anshul-jain:
  name: Anshul Jain
  thumbnail: /img/authors/anshul-jain.png
